"Status","Start Time","Stop Time","Duration in ms","Parent Suite","Suite","Sub Suite","Test Class","Test Method","Name","Description"
"passed","Mon Mar 22 02:03:43 GMT 2021","Mon Mar 22 02:03:43 GMT 2021","0","fesql-v1","fesql-v1-test1111","test1.Test1","test1.Test1","test22","test22","aaa"
"passed","Mon Mar 22 02:03:43 GMT 2021","Mon Mar 22 02:03:43 GMT 2021","0","fesql-v1","fesql-v1-test1111","test1.Test3","test1.Test3","test11","test11","sss"
"passed","Mon Mar 22 02:03:43 GMT 2021","Mon Mar 22 02:03:43 GMT 2021","1","fesql-v1","fesql-v1-test1111","test1.Test1","test1.Test1","test11","AAA","sss"
"passed","Mon Mar 22 02:03:43 GMT 2021","Mon Mar 22 02:03:43 GMT 2021","0","fesql-v1","fesql-v1-test1111","test1.Test1","test1.Test1","test21","test21","{tUser.desc}"
"passed","Mon Mar 22 02:03:43 GMT 2021","Mon Mar 22 02:03:43 GMT 2021","1","fesql-v1","fesql-v1-test1111","hahahahaha","test1.Test2","test12","test12","aaa"
"passed","Mon Mar 22 02:03:43 GMT 2021","Mon Mar 22 02:03:43 GMT 2021","6","fesql-v1","fesql-v1-test1111","test1.Test1","test1.Test1","test21","test21","{tUser.desc}"
"passed","Mon Mar 22 02:03:43 GMT 2021","Mon Mar 22 02:03:43 GMT 2021","16","fesql-v1","fesql-v1-test1111","test1.Test4","test1.Test4","test","test",""
"passed","Mon Mar 22 02:03:43 GMT 2021","Mon Mar 22 02:03:43 GMT 2021","0","fesql-v1","fesql-v1-test1111","test1.Test3","test1.Test3","test12","test12","aaa"
"passed","Mon Mar 22 02:03:43 GMT 2021","Mon Mar 22 02:03:43 GMT 2021","1","fesql-v1","fesql-v1-test1111","HEHEHEH","test2.Test1","test12","test12","aaa"
"passed","Mon Mar 22 02:03:43 GMT 2021","Mon Mar 22 02:03:43 GMT 2021","0","fesql-v1","fesql-v1-test1111","test1.Test1","test1.Test1","test21","test21","{tUser.desc}"
"passed","Mon Mar 22 02:03:43 GMT 2021","Mon Mar 22 02:03:43 GMT 2021","1","fesql-v1","fesql-v1-test1111","test1.Test3","test1.Test3","test21","test21","sss"
"passed","Mon Mar 22 02:03:43 GMT 2021","Mon Mar 22 02:03:43 GMT 2021","0","fesql-v1","fesql-v1-test1111","test1.Test3","test1.Test3","test22","test22","aaa"
"passed","Mon Mar 22 02:03:43 GMT 2021","Mon Mar 22 02:03:43 GMT 2021","0","fesql-v1","fesql-v1-test1111","hahahahaha","test1.Test2","test22","test22","aaa"
"passed","Mon Mar 22 02:03:43 GMT 2021","Mon Mar 22 02:03:43 GMT 2021","1","fesql-v1","fesql-v1-test1111","HEHEHEH","test2.Test1","test11","BBBB","sss"
"passed","Mon Mar 22 02:03:43 GMT 2021","Mon Mar 22 02:03:43 GMT 2021","0","fesql-v1","fesql-v1-test1111","HEHEHEH","test2.Test1","test21","test21","sss"
"passed","Mon Mar 22 02:03:43 GMT 2021","Mon Mar 22 02:03:43 GMT 2021","0","fesql-v1","fesql-v1-test1111","HEHEHEH","test2.Test1","test22","test22","aaa"
"passed","Mon Mar 22 02:03:43 GMT 2021","Mon Mar 22 02:03:43 GMT 2021","35","fesql-v1","fesql-v1-test1111","test1.Test1","test1.Test1","test12","test12","aaa"
"failed","Mon Mar 22 02:03:43 GMT 2021","Mon Mar 22 02:03:43 GMT 2021","49","fesql-v1","fesql-v1-test1111","hahahahaha","test1.Test2","test21","test21","sss"
"passed","Mon Mar 22 02:03:43 GMT 2021","Mon Mar 22 02:03:43 GMT 2021","1","fesql-v1","fesql-v1-test1111","test1.Test4","test1.Test4","test1","test1",""
"passed","Mon Mar 22 02:03:43 GMT 2021","Mon Mar 22 02:03:43 GMT 2021","0","fesql-v1","fesql-v1-test1111","hahahahaha","test1.Test2","test11","test11","sss"
